﻿<?xml version="1.0" encoding="utf-8" ?>

<configuration>

  <facilities>

    <facility id="masstransit">

      <bus id="main" endpoint="msmq://localhost/mt_mike_publisher">
        <subscriptionService endpoint="msmq://localhost/mt_subscriptions" />
        <managementService heartbeatInterval="3" />
      </bus>

      <transports>
        <transport>MassTransit.Transports.Msmq.MsmqEndpoint, MassTransit.Transports.Msmq</transport>
      </transports>
    </facility>

  </facilities>

</configuration>