﻿<?xml version="1.0" encoding="utf-8" ?>
<configuration>
  <facilities>
    <facility id="masstransit">

      <bus id="local"
				 endpoint="loopback://localhost/local_sb">
        <dispatcher minThreads="1"
							maxThreads="20" />
      </bus>
      <bus id="remote"
				 endpoint="loopback://localhost/remote_sb">
        <dispatcher minThreads="1"
							maxThreads="20" />
      </bus>
      <transports>
        <transport>MassTransit.Transports.LoopbackEndpoint, MassTransit</transport>
      </transports>
    </facility>
  </facilities>
</configuration>