﻿<?xml version="1.0" encoding="utf-8" ?>
<hibernate-configuration xmlns="urn:nhibernate-configuration-2.2">
  <session-factory>
    <property name="connection.connection_string_name">connectionString</property>
    <property name="dialect">NHibernate.Dialect.MsSql2005Dialect</property>
    <property name="connection.provider">NHibernate.Connection.DriverConnectionProvider</property>
    <property name="connection.driver_class">NHibernate.Driver.SqlClientDriver</property>
    <property name="show_sql">true</property>
    <property name="connection.release_mode">auto</property>
    <property name="adonet.batch_size">500</property>
    <property name="default_schema">test.dbo</property>
    <mapping assembly="MassTransit.Tests" />
  </session-factory>
</hibernate-configuration>
